group_id,female,manager,population,district_id,state_name
1,f,f,112461,1,Alabama
2,f,f,110112,2,Alabama
3,f,f,117561,3,Alabama
4,f,f,118323,4,Alabama
5,f,f,133851,5,Alabama
6,f,f,139228,6,Alabama
7,f,f,95817,7,Alabama
436,f,t,7834,1,Alabama
437,f,t,6119,2,Alabama
438,f,t,7251,3,Alabama
439,f,t,6547,4,Alabama
440,f,t,10331,5,Alabama
441,f,t,8747,6,Alabama
442,f,t,5913,7,Alabama
871,t,f,90449,1,Alabama
872,t,f,88761,2,Alabama
873,t,f,91655,3,Alabama
874,t,f,78926,4,Alabama
875,t,f,94547,5,Alabama
876,t,f,103376,6,Alabama
877,t,f,87113,7,Alabama
1306,t,t,4611,1,Alabama
1307,t,t,4692,2,Alabama
1308,t,t,5745,3,Alabama
1309,t,t,2849,4,Alabama
1310,t,t,5199,5,Alabama
1311,t,t,5360,6,Alabama
1312,t,t,4677,7,Alabama
8,f,f,129431,0,Alaska
443,f,t,10168,0,Alaska
878,t,f,96152,0,Alaska
1313,t,t,7304,0,Alaska
9,f,f,100836,1,Arizona
10,f,f,109813,2,Arizona
11,f,f,124353,3,Arizona
12,f,f,101683,4,Arizona
13,f,f,156225,5,Arizona
14,f,f,147669,6,Arizona
15,f,f,134796,7,Arizona
16,f,f,128011,8,Arizona
17,f,f,166471,9,Arizona
444,f,t,6237,1,Arizona
445,f,t,8613,2,Arizona
446,f,t,5498,3,Arizona
447,f,t,6526,4,Arizona
448,f,t,12467,5,Arizona
449,f,t,11555,6,Arizona
450,f,t,5139,7,Arizona
451,f,t,9165,8,Arizona
452,f,t,10665,9,Arizona
879,t,f,77301,1,Arizona
880,t,f,88470,2,Arizona
881,t,f,90811,3,Arizona
882,t,f,72512,4,Arizona
883,t,f,107641,5,Arizona
884,t,f,110510,6,Arizona
885,t,f,95245,7,Arizona
886,t,f,107954,8,Arizona
887,t,f,123086,9,Arizona
1314,t,t,4887,1,Arizona
1315,t,t,6017,2,Arizona
1316,t,t,4665,3,Arizona
1317,t,t,5125,4,Arizona
1318,t,t,6460,5,Arizona
1319,t,t,7715,6,Arizona
1320,t,t,4271,7,Arizona
1321,t,t,7449,8,Arizona
1322,t,t,9233,9,Arizona
18,f,f,112446,1,Arkansas
19,f,f,137836,2,Arkansas
20,f,f,149916,3,Arkansas
21,f,f,111253,4,Arkansas
453,f,t,4873,1,Arkansas
454,f,t,10318,2,Arkansas
455,f,t,9150,3,Arkansas
456,f,t,6413,4,Arkansas
888,t,f,86625,1,Arkansas
889,t,f,112209,2,Arkansas
890,t,f,108922,3,Arkansas
891,t,f,88949,4,Arkansas
1323,t,t,4503,1,Arkansas
1324,t,t,8375,2,Arkansas
1325,t,t,6063,3,Arkansas
1326,t,t,5400,4,Arkansas
22,f,f,98885,1,California
23,f,f,118427,2,California
24,f,f,114002,3,California
25,f,f,115878,4,California
26,f,f,128314,5,California
27,f,f,120392,6,California
28,f,f,124905,7,California
29,f,f,96418,8,California
30,f,f,121283,9,California
31,f,f,122844,10,California
32,f,f,139808,11,California
33,f,f,180285,12,California
34,f,f,139975,13,California
35,f,f,155685,14,California
36,f,f,166706,15,California
37,f,f,105455,16,California
38,f,f,181398,17,California
39,f,f,153221,18,California
40,f,f,155752,19,California
41,f,f,115640,20,California
42,f,f,,21,California
43,f,f,117728,22,California
44,f,f,128421,23,California
45,f,f,132722,24,California
46,f,f,136165,25,California
47,f,f,133453,26,California
48,f,f,135615,27,California
49,f,f,148579,28,California
50,f,f,137799,29,California
51,f,f,160467,30,California
52,f,f,123232,31,California
53,f,f,143528,32,California
54,f,f,143147,33,California
55,f,f,145631,34,California
56,f,f,131787,35,California
57,f,f,108885,36,California
58,f,f,138925,37,California
59,f,f,144797,38,California
60,f,f,143309,39,California
61,f,f,134749,40,California
62,f,f,134725,41,California
63,f,f,142619,42,California
64,f,f,128886,43,California
65,f,f,122442,44,California
66,f,f,164492,45,California
67,f,f,148914,46,California
68,f,f,135212,47,California
69,f,f,145311,48,California
70,f,f,147366,49,California
71,f,f,141392,50,California
72,f,f,100119,51,California
73,f,f,152234,52,California
74,f,f,147658,53,California
457,f,t,6909,1,California
458,f,t,12586,2,California
459,f,t,6407,3,California
460,f,t,10149,4,California
461,f,t,8023,5,California
462,f,t,6613,6,California
463,f,t,10766,7,California
464,f,t,6056,8,California
465,f,t,7635,9,California
466,f,t,7481,10,California
467,f,t,12317,11,California
468,f,t,16051,12,California
469,f,t,12083,13,California
470,f,t,12886,14,California
471,f,t,14075,15,California
472,f,t,3515,16,California
473,f,t,16131,17,California
474,f,t,20523,18,California
475,f,t,14000,19,California
476,f,t,8947,20,California
477,f,t,,21,California
478,f,t,6976,22,California
479,f,t,8344,23,California
480,f,t,11681,24,California
481,f,t,11256,25,California
482,f,t,10929,26,California
483,f,t,12082,27,California
484,f,t,14491,28,California
485,f,t,6577,29,California
486,f,t,15185,30,California
487,f,t,6799,31,California
488,f,t,6754,32,California
489,f,t,15622,33,California
490,f,t,6930,34,California
491,f,t,5211,35,California
492,f,t,5892,36,California
493,f,t,9335,37,California
494,f,t,8235,38,California
495,f,t,14576,39,California
496,f,t,4063,40,California
497,f,t,5407,41,California
498,f,t,12717,42,California
499,f,t,8559,43,California
500,f,t,4581,44,California
501,f,t,17387,45,California
502,f,t,6027,46,California
503,f,t,10614,47,California
504,f,t,13714,48,California
505,f,t,13357,49,California
506,f,t,10696,50,California
507,f,t,3897,51,California
508,f,t,17209,52,California
509,f,t,13087,53,California
892,t,f,70407,1,California
893,t,f,82596,2,California
894,t,f,84657,3,California
895,t,f,82797,4,California
896,t,f,98683,5,California
897,t,f,101458,6,California
898,t,f,103455,7,California
899,t,f,71774,8,California
900,t,f,79929,9,California
901,t,f,76852,10,California
902,t,f,100468,11,California
903,t,f,140541,12,California
904,t,f,112454,13,California
905,t,f,115467,14,California
906,t,f,114915,15,California
907,t,f,61792,16,California
908,t,f,112567,17,California
909,t,f,108051,18,California
910,t,f,101815,19,California
911,t,f,75852,20,California
912,t,f,,21,California
913,t,f,85530,22,California
914,t,f,82156,23,California
915,t,f,85865,24,California
916,t,f,87133,25,California
917,t,f,92698,26,California
918,t,f,112963,27,California
919,t,f,115488,28,California
920,t,f,89893,29,California
921,t,f,116378,30,California
922,t,f,88610,31,California
923,t,f,97519,32,California
924,t,f,102113,33,California
925,t,f,100796,34,California
926,t,f,89873,35,California
927,t,f,68775,36,California
928,t,f,108470,37,California
929,t,f,101539,38,California
930,t,f,94005,39,California
931,t,f,84819,40,California
932,t,f,82608,41,California
933,t,f,86921,42,California
934,t,f,102313,43,California
935,t,f,85295,44,California
936,t,f,103076,45,California
937,t,f,96866,46,California
938,t,f,100949,47,California
939,t,f,103810,48,California
940,t,f,90694,49,California
941,t,f,89637,50,California
942,t,f,70309,51,California
943,t,f,109999,52,California
944,t,f,111177,53,California
1327,t,t,5118,1,California
1328,t,t,7484,2,California
1329,t,t,6453,3,California
1330,t,t,8576,4,California
1331,t,t,7181,5,California
1332,t,t,6631,6,California
1333,t,t,7095,7,California
1334,t,t,3200,8,California
1335,t,t,5666,9,California
1336,t,t,3389,10,California
1337,t,t,9747,11,California
1338,t,t,14682,12,California
1339,t,t,10664,13,California
1340,t,t,9940,14,California
1341,t,t,8356,15,California
1342,t,t,2829,16,California
1343,t,t,6703,17,California
1344,t,t,12699,18,California
1345,t,t,9344,19,California
1346,t,t,4594,20,California
1347,t,t,,21,California
1348,t,t,6211,22,California
1349,t,t,4683,23,California
1350,t,t,6186,24,California
1351,t,t,5950,25,California
1352,t,t,7712,26,California
1353,t,t,9655,27,California
1354,t,t,8761,28,California
1355,t,t,4575,29,California
1356,t,t,9829,30,California
1357,t,t,4961,31,California
1358,t,t,5910,32,California
1359,t,t,10957,33,California
1360,t,t,5468,34,California
1361,t,t,4846,35,California
1362,t,t,2835,36,California
1363,t,t,8556,37,California
1364,t,t,5440,38,California
1365,t,t,7312,39,California
1366,t,t,3306,40,California
1367,t,t,3791,41,California
1368,t,t,5367,42,California
1369,t,t,5834,43,California
1370,t,t,3742,44,California
1371,t,t,10989,45,California
1372,t,t,5403,46,California
1373,t,t,6837,47,California
1374,t,t,9393,48,California
1375,t,t,7207,49,California
1376,t,t,5999,50,California
1377,t,t,2939,51,California
1378,t,t,9705,52,California
1379,t,t,10494,53,California
75,f,f,183390,1,Colorado
76,f,f,163553,2,Colorado
77,f,f,128981,3,Colorado
78,f,f,170214,4,Colorado
79,f,f,135225,5,Colorado
80,f,f,170619,6,Colorado
81,f,f,168885,7,Colorado
510,f,t,17400,1,Colorado
511,f,t,17127,2,Colorado
512,f,t,11188,3,Colorado
513,f,t,13484,4,Colorado
514,f,t,10626,5,Colorado
515,f,t,13656,6,Colorado
516,f,t,14515,7,Colorado
945,t,f,135228,1,Colorado
946,t,f,109758,2,Colorado
947,t,f,94506,3,Colorado
948,t,f,105206,4,Colorado
949,t,f,96330,5,Colorado
950,t,f,124104,6,Colorado
951,t,f,123843,7,Colorado
1380,t,t,12084,1,Colorado
1381,t,t,9315,2,Colorado
1382,t,t,8253,3,Colorado
1383,t,t,8387,4,Colorado
1384,t,t,7535,5,Colorado
1385,t,t,9458,6,Colorado
1386,t,t,8454,7,Colorado
82,f,f,137136,1,Connecticut
83,f,f,133651,2,Connecticut
84,f,f,139160,3,Connecticut
85,f,f,143169,4,Connecticut
86,f,f,135914,5,Connecticut
517,f,t,10721,1,Connecticut
518,f,t,11516,2,Connecticut
519,f,t,10698,3,Connecticut
520,f,t,10460,4,Connecticut
521,f,t,9948,5,Connecticut
952,t,f,114923,1,Connecticut
953,t,f,98886,2,Connecticut
954,t,f,108772,3,Connecticut
955,t,f,102783,4,Connecticut
956,t,f,101336,5,Connecticut
1387,t,t,9138,1,Connecticut
1388,t,t,7107,2,Connecticut
1389,t,t,8024,3,Connecticut
1390,t,t,6226,4,Connecticut
1391,t,t,7156,5,Connecticut
87,f,f,167820,0,Delaware
522,f,t,15313,0,Delaware
957,t,f,145811,0,Delaware
1392,t,t,11299,0,Delaware
88,f,f,128085,1,Florida
89,f,f,106935,2,Florida
90,f,f,107921,3,Florida
91,f,f,144495,4,Florida
92,f,f,112904,5,Florida
93,f,f,116981,6,Florida
94,f,f,140049,7,Florida
95,f,f,117934,8,Florida
96,f,f,149179,9,Florida
97,f,f,146355,10,Florida
98,f,f,84850,11,Florida
99,f,f,126021,12,Florida
100,f,f,130137,13,Florida
101,f,f,136605,14,Florida
102,f,f,136832,15,Florida
103,f,f,112622,16,Florida
104,f,f,109067,17,Florida
105,f,f,125413,18,Florida
106,f,f,116309,19,Florida
107,f,f,120179,20,Florida
108,f,f,134742,21,Florida
109,f,f,144008,22,Florida
110,f,f,153716,23,Florida
111,f,f,125616,24,Florida
112,f,f,141142,25,Florida
113,f,f,160234,26,Florida
114,f,f,152221,27,Florida
523,f,t,11851,1,Florida
524,f,t,8538,2,Florida
525,f,t,7595,3,Florida
526,f,t,10119,4,Florida
527,f,t,6766,5,Florida
528,f,t,9833,6,Florida
529,f,t,12736,7,Florida
530,f,t,9300,8,Florida
531,f,t,9770,9,Florida
532,f,t,12717,10,Florida
533,f,t,6448,11,Florida
534,f,t,14260,12,Florida
535,f,t,10473,13,Florida
536,f,t,10185,14,Florida
537,f,t,8937,15,Florida
538,f,t,9247,16,Florida
539,f,t,6225,17,Florida
540,f,t,9927,18,Florida
541,f,t,8445,19,Florida
542,f,t,5123,20,Florida
543,f,t,11619,21,Florida
544,f,t,13837,22,Florida
545,f,t,13638,23,Florida
546,f,t,6721,24,Florida
547,f,t,10785,25,Florida
548,f,t,11889,26,Florida
549,f,t,10681,27,Florida
958,t,f,100509,1,Florida
959,t,f,93351,2,Florida
960,t,f,87280,3,Florida
961,t,f,122924,4,Florida
962,t,f,108629,5,Florida
963,t,f,91495,6,Florida
964,t,f,113553,7,Florida
965,t,f,95437,8,Florida
966,t,f,115990,9,Florida
967,t,f,117222,10,Florida
968,t,f,72186,11,Florida
969,t,f,107449,12,Florida
970,t,f,112443,13,Florida
971,t,f,119997,14,Florida
972,t,f,107147,15,Florida
973,t,f,99455,16,Florida
974,t,f,81293,17,Florida
975,t,f,100061,18,Florida
976,t,f,95016,19,Florida
977,t,f,109127,20,Florida
978,t,f,109425,21,Florida
979,t,f,101954,22,Florida
980,t,f,113503,23,Florida
981,t,f,114170,24,Florida
982,t,f,108435,25,Florida
983,t,f,120925,26,Florida
984,t,f,109905,27,Florida
1393,t,t,6426,1,Florida
1394,t,t,6064,2,Florida
1395,t,t,5876,3,Florida
1396,t,t,8078,4,Florida
1397,t,t,4924,5,Florida
1398,t,t,6626,6,Florida
1399,t,t,7284,7,Florida
1400,t,t,8170,8,Florida
1401,t,t,7499,9,Florida
1402,t,t,12090,10,Florida
1403,t,t,4322,11,Florida
1404,t,t,8278,12,Florida
1405,t,t,7478,13,Florida
1406,t,t,6392,14,Florida
1407,t,t,6007,15,Florida
1408,t,t,6701,16,Florida
1409,t,t,4057,17,Florida
1410,t,t,7939,18,Florida
1411,t,t,5740,19,Florida
1412,t,t,5229,20,Florida
1413,t,t,7523,21,Florida
1414,t,t,8132,22,Florida
1415,t,t,8779,23,Florida
1416,t,t,5702,24,Florida
1417,t,t,6223,25,Florida
1418,t,t,8127,26,Florida
1419,t,t,6884,27,Florida
115,f,f,115975,1,Georgia
116,f,f,93116,2,Georgia
117,f,f,126108,3,Georgia
118,f,f,124287,4,Georgia
119,f,f,135058,5,Georgia
120,f,f,169499,6,Georgia
121,f,f,165655,7,Georgia
122,f,f,118780,8,Georgia
123,f,f,124144,9,Georgia
124,f,f,122932,10,Georgia
125,f,f,160135,11,Georgia
126,f,f,108972,12,Georgia
127,f,f,132645,13,Georgia
128,f,f,134053,14,Georgia
550,f,t,8776,1,Georgia
551,f,t,4588,2,Georgia
552,f,t,8286,3,Georgia
553,f,t,8360,4,Georgia
554,f,t,11524,5,Georgia
555,f,t,18213,6,Georgia
556,f,t,12881,7,Georgia
557,f,t,7020,8,Georgia
558,f,t,8730,9,Georgia
559,f,t,9098,10,Georgia
560,f,t,15216,11,Georgia
561,f,t,6105,12,Georgia
562,f,t,7960,13,Georgia
563,f,t,7467,14,Georgia
985,t,f,95989,1,Georgia
986,t,f,86951,2,Georgia
987,t,f,93877,3,Georgia
988,t,f,120383,4,Georgia
989,t,f,132069,5,Georgia
990,t,f,116342,6,Georgia
991,t,f,115612,7,Georgia
992,t,f,92621,8,Georgia
993,t,f,91171,9,Georgia
994,t,f,91853,10,Georgia
995,t,f,116843,11,Georgia
996,t,f,93380,12,Georgia
997,t,f,124445,13,Georgia
998,t,f,99912,14,Georgia
1420,t,t,6839,1,Georgia
1421,t,t,4971,2,Georgia
1422,t,t,5454,3,Georgia
1423,t,t,6768,4,Georgia
1424,t,t,11185,5,Georgia
1425,t,t,10693,6,Georgia
1426,t,t,9609,7,Georgia
1427,t,t,5302,8,Georgia
1428,t,t,3889,9,Georgia
1429,t,t,5149,10,Georgia
1430,t,t,12225,11,Georgia
1431,t,t,5169,12,Georgia
1432,t,t,9055,13,Georgia
1433,t,t,5379,14,Georgia
129,f,f,139405,1,Hawaii
130,f,f,124953,2,Hawaii
564,f,t,10070,1,Hawaii
565,f,t,6368,2,Hawaii
999,t,f,112064,1,Hawaii
1000,t,f,101913,2,Hawaii
1434,t,t,7474,1,Hawaii
1435,t,t,6010,2,Hawaii
131,f,f,145575,1,Idaho
132,f,f,149322,2,Idaho
566,f,t,10370,1,Idaho
567,f,t,8677,2,Idaho
1001,t,f,100220,1,Idaho
1002,t,f,92439,2,Idaho
1436,t,t,5646,1,Idaho
1437,t,t,6316,2,Idaho
133,f,f,103199,1,Illinois
134,f,f,104953,2,Illinois
135,f,f,138525,3,Illinois
136,f,f,149518,4,Illinois
137,f,f,178530,5,Illinois
138,f,f,159756,6,Illinois
139,f,f,118269,7,Illinois
140,f,f,163677,8,Illinois
141,f,f,148892,9,Illinois
142,f,f,144116,10,Illinois
143,f,f,152653,11,Illinois
144,f,f,114149,12,Illinois
145,f,f,119107,13,Illinois
146,f,f,159471,14,Illinois
147,f,f,128672,15,Illinois
148,f,f,131171,16,Illinois
149,f,f,119070,17,Illinois
150,f,f,139038,18,Illinois
568,f,t,5910,1,Illinois
569,f,t,6311,2,Illinois
570,f,t,8058,3,Illinois
571,f,t,6423,4,Illinois
572,f,t,14542,5,Illinois
573,f,t,15880,6,Illinois
574,f,t,9659,7,Illinois
575,f,t,10734,8,Illinois
576,f,t,12926,9,Illinois
577,f,t,12760,10,Illinois
578,f,t,10608,11,Illinois
579,f,t,7081,12,Illinois
580,f,t,7830,13,Illinois
581,f,t,13428,14,Illinois
582,f,t,7006,15,Illinois
583,f,t,8394,16,Illinois
584,f,t,5093,17,Illinois
585,f,t,9180,18,Illinois
1003,t,f,96239,1,Illinois
1004,t,f,96806,2,Illinois
1005,t,f,100949,3,Illinois
1006,t,f,96367,4,Illinois
1007,t,f,140980,5,Illinois
1008,t,f,105901,6,Illinois
1009,t,f,117856,7,Illinois
1010,t,f,106693,8,Illinois
1011,t,f,103997,9,Illinois
1012,t,f,103392,10,Illinois
1013,t,f,105970,11,Illinois
1014,t,f,94171,12,Illinois
1015,t,f,95907,13,Illinois
1016,t,f,107009,14,Illinois
1017,t,f,94559,15,Illinois
1018,t,f,89481,16,Illinois
1019,t,f,91479,17,Illinois
1020,t,f,102947,18,Illinois
1438,t,t,6223,1,Illinois
1439,t,t,6936,2,Illinois
1440,t,t,5204,3,Illinois
1441,t,t,5138,4,Illinois
1442,t,t,11112,5,Illinois
1443,t,t,8304,6,Illinois
1444,t,t,8935,7,Illinois
1445,t,t,5784,8,Illinois
1446,t,t,7584,9,Illinois
1447,t,t,6023,10,Illinois
1448,t,t,7594,11,Illinois
1449,t,t,7250,12,Illinois
1450,t,t,6737,13,Illinois
1451,t,t,8698,14,Illinois
1452,t,t,4362,15,Illinois
1453,t,t,5469,16,Illinois
1454,t,t,3294,17,Illinois
1455,t,t,6585,18,Illinois
151,f,f,126149,1,Indiana
152,f,f,136193,2,Indiana
153,f,f,144623,3,Indiana
154,f,f,149010,4,Indiana
155,f,f,157462,5,Indiana
156,f,f,137681,6,Indiana
157,f,f,121762,7,Indiana
158,f,f,136674,8,Indiana
159,f,f,142073,9,Indiana
586,f,t,8517,1,Indiana
587,f,t,7179,2,Indiana
588,f,t,7051,3,Indiana
589,f,t,7961,4,Indiana
590,f,t,13917,5,Indiana
591,f,t,7257,6,Indiana
592,f,t,8560,7,Indiana
593,f,t,6436,8,Indiana
594,f,t,10349,9,Indiana
1021,t,f,85964,1,Indiana
1022,t,f,92446,2,Indiana
1023,t,f,100587,3,Indiana
1024,t,f,104041,4,Indiana
1025,t,f,123103,5,Indiana
1026,t,f,97472,6,Indiana
1027,t,f,110136,7,Indiana
1028,t,f,96248,8,Indiana
1029,t,f,103262,9,Indiana
1456,t,t,5356,1,Indiana
1457,t,t,4177,2,Indiana
1458,t,t,4902,3,Indiana
1459,t,t,6783,4,Indiana
1460,t,t,10723,5,Indiana
1461,t,t,5680,6,Indiana
1462,t,t,8031,7,Indiana
1463,t,t,5047,8,Indiana
1464,t,t,7394,9,Indiana
160,f,f,160113,1,Iowa
161,f,f,155410,2,Iowa
162,f,f,174308,3,Iowa
163,f,f,154805,4,Iowa
595,f,t,9454,1,Iowa
596,f,t,10722,2,Iowa
597,f,t,11180,3,Iowa
598,f,t,6567,4,Iowa
1030,t,f,117804,1,Iowa
1031,t,f,112626,2,Iowa
1032,t,f,135166,3,Iowa
1033,t,f,107789,4,Iowa
1465,t,t,6721,1,Iowa
1466,t,t,7033,2,Iowa
1467,t,t,7952,3,Iowa
1468,t,t,4852,4,Iowa
164,f,f,143037,1,Kansas
165,f,f,129905,2,Kansas
166,f,f,163915,3,Kansas
167,f,f,143558,4,Kansas
599,f,t,7943,1,Kansas
600,f,t,7507,2,Kansas
601,f,t,12381,3,Kansas
602,f,t,8185,4,Kansas
1034,t,f,93595,1,Kansas
1035,t,f,103515,2,Kansas
1036,t,f,121342,3,Kansas
1037,t,f,102538,4,Kansas
1469,t,t,6311,1,Kansas
1470,t,t,6723,2,Kansas
1471,t,t,8008,3,Kansas
1472,t,t,5474,4,Kansas
168,f,f,117791,1,Kentucky
169,f,f,133865,2,Kentucky
170,f,f,136883,3,Kentucky
171,f,f,142967,4,Kentucky
172,f,f,89503,5,Kentucky
173,f,f,143415,6,Kentucky
603,f,t,6083,1,Kentucky
604,f,t,6362,2,Kentucky
605,f,t,10884,3,Kentucky
606,f,t,9611,4,Kentucky
607,f,t,4841,5,Kentucky
608,f,t,9939,6,Kentucky
1038,t,f,90144,1,Kentucky
1039,t,f,97380,2,Kentucky
1040,t,f,119335,3,Kentucky
1041,t,f,104274,4,Kentucky
1042,t,f,73174,5,Kentucky
1043,t,f,107632,6,Kentucky
1473,t,t,4591,1,Kentucky
1474,t,t,4714,2,Kentucky
1475,t,t,6229,3,Kentucky
1476,t,t,6216,4,Kentucky
1477,t,t,2890,5,Kentucky
1478,t,t,6740,6,Kentucky
174,f,f,152494,1,Louisiana
175,f,f,134802,2,Louisiana
176,f,f,139389,3,Louisiana
177,f,f,112854,4,Louisiana
178,f,f,111162,5,Louisiana
179,f,f,154375,6,Louisiana
609,f,t,11208,1,Louisiana
610,f,t,7311,2,Louisiana
611,f,t,7984,3,Louisiana
612,f,t,6615,4,Louisiana
613,f,t,6186,5,Louisiana
614,f,t,10857,6,Louisiana
1044,t,f,117747,1,Louisiana
1045,t,f,120076,2,Louisiana
1046,t,f,110796,3,Louisiana
1047,t,f,90772,4,Louisiana
1048,t,f,94903,5,Louisiana
1049,t,f,117923,6,Louisiana
1479,t,t,8090,1,Louisiana
1480,t,t,8138,2,Louisiana
1481,t,t,6280,3,Louisiana
1482,t,t,6342,4,Louisiana
1483,t,t,5862,5,Louisiana
1484,t,t,9644,6,Louisiana
180,f,f,127646,1,Maine
181,f,f,108244,2,Maine
615,f,t,9903,1,Maine
616,f,t,7485,2,Maine
1050,t,f,104371,1,Maine
1051,t,f,80588,2,Maine
1485,t,t,9415,1,Maine
1486,t,t,5084,2,Maine
182,f,f,147424,1,Maryland
183,f,f,142786,2,Maryland
184,f,f,160928,3,Maryland
185,f,f,151878,4,Maryland
186,f,f,159038,5,Maryland
187,f,f,156131,6,Maryland
188,f,f,124491,7,Maryland
189,f,f,163266,8,Maryland
617,f,t,12607,1,Maryland
618,f,t,11112,2,Maryland
619,f,t,15765,3,Maryland
620,f,t,10759,4,Maryland
621,f,t,13034,5,Maryland
622,f,t,14352,6,Maryland
623,f,t,9060,7,Maryland
624,f,t,16343,8,Maryland
1052,t,f,111908,1,Maryland
1053,t,f,131035,2,Maryland
1054,t,f,132406,3,Maryland
1055,t,f,136220,4,Maryland
1056,t,f,140536,5,Maryland
1057,t,f,118063,6,Maryland
1058,t,f,113837,7,Maryland
1059,t,f,130065,8,Maryland
1487,t,t,7494,1,Maryland
1488,t,t,9198,2,Maryland
1489,t,t,11409,3,Maryland
1490,t,t,10222,4,Maryland
1491,t,t,10476,5,Maryland
1492,t,t,8778,6,Maryland
1493,t,t,9813,7,Maryland
1494,t,t,12763,8,Maryland
190,f,f,126681,1,Massachusetts
191,f,f,136889,2,Massachusetts
192,f,f,149192,3,Massachusetts
193,f,f,151709,4,Massachusetts
194,f,f,162977,5,Massachusetts
195,f,f,152165,6,Massachusetts
196,f,f,149967,7,Massachusetts
197,f,f,158677,8,Massachusetts
198,f,f,130666,9,Massachusetts
625,f,t,8836,1,Massachusetts
626,f,t,11091,2,Massachusetts
627,f,t,12170,3,Massachusetts
628,f,t,12433,4,Massachusetts
629,f,t,13190,5,Massachusetts
630,f,t,12367,6,Massachusetts
631,f,t,7899,7,Massachusetts
632,f,t,10456,8,Massachusetts
633,f,t,12173,9,Massachusetts
1060,t,f,100026,1,Massachusetts
1061,t,f,106696,2,Massachusetts
1062,t,f,107092,3,Massachusetts
1063,t,f,109148,4,Massachusetts
1064,t,f,120899,5,Massachusetts
1065,t,f,112202,6,Massachusetts
1066,t,f,128568,7,Massachusetts
1067,t,f,129522,8,Massachusetts
1068,t,f,99620,9,Massachusetts
1495,t,t,5353,1,Massachusetts
1496,t,t,8186,2,Massachusetts
1497,t,t,8726,3,Massachusetts
1498,t,t,9549,4,Massachusetts
1499,t,t,14053,5,Massachusetts
1500,t,t,9242,6,Massachusetts
1501,t,t,12810,7,Massachusetts
1502,t,t,13560,8,Massachusetts
1503,t,t,7790,9,Massachusetts
199,f,f,108352,1,Michigan
200,f,f,132242,2,Michigan
201,f,f,140365,3,Michigan
202,f,f,116022,4,Michigan
203,f,f,99323,5,Michigan
204,f,f,128321,6,Michigan
205,f,f,126691,7,Michigan
206,f,f,140678,8,Michigan
207,f,f,139939,9,Michigan
208,f,f,134588,10,Michigan
209,f,f,154273,11,Michigan
210,f,f,128539,12,Michigan
211,f,f,85927,13,Michigan
212,f,f,97131,14,Michigan
634,f,t,6850,1,Michigan
635,f,t,8033,2,Michigan
636,f,t,9169,3,Michigan
637,f,t,7330,4,Michigan
638,f,t,6287,5,Michigan
639,f,t,9632,6,Michigan
640,f,t,8290,7,Michigan
641,f,t,11473,8,Michigan
642,f,t,8917,9,Michigan
643,f,t,10348,10,Michigan
644,f,t,16294,11,Michigan
645,f,t,8392,12,Michigan
646,f,t,3630,13,Michigan
647,f,t,7409,14,Michigan
1069,t,f,76921,1,Michigan
1070,t,f,93196,2,Michigan
1071,t,f,91188,3,Michigan
1072,t,f,82925,4,Michigan
1073,t,f,82807,5,Michigan
1074,t,f,90344,6,Michigan
1075,t,f,89592,7,Michigan
1076,t,f,94573,8,Michigan
1077,t,f,106033,9,Michigan
1078,t,f,87826,10,Michigan
1079,t,f,102680,11,Michigan
1080,t,f,88142,12,Michigan
1081,t,f,79816,13,Michigan
1082,t,f,79406,14,Michigan
1504,t,t,5094,1,Michigan
1505,t,t,3316,2,Michigan
1506,t,t,5802,3,Michigan
1507,t,t,4824,4,Michigan
1508,t,t,5112,5,Michigan
1509,t,t,6680,6,Michigan
1510,t,t,5271,7,Michigan
1511,t,t,6992,8,Michigan
1512,t,t,7711,9,Michigan
1513,t,t,4743,10,Michigan
1514,t,t,7792,11,Michigan
1515,t,t,5757,12,Michigan
1516,t,t,4071,13,Michigan
1517,t,t,4996,14,Michigan
213,f,f,136564,1,Minnesota
214,f,f,150023,2,Minnesota
215,f,f,154948,3,Minnesota
216,f,f,132569,4,Minnesota
217,f,f,142927,5,Minnesota
218,f,f,149205,6,Minnesota
219,f,f,134480,7,Minnesota
220,f,f,116679,8,Minnesota
648,f,t,8867,1,Minnesota
649,f,t,13135,2,Minnesota
650,f,t,14894,3,Minnesota
651,f,t,10841,4,Minnesota
652,f,t,10861,5,Minnesota
653,f,t,11471,6,Minnesota
654,f,t,8773,7,Minnesota
655,f,t,7921,8,Minnesota
1083,t,f,99655,1,Minnesota
1084,t,f,113284,2,Minnesota
1085,t,f,114201,3,Minnesota
1086,t,f,106525,4,Minnesota
1087,t,f,118797,5,Minnesota
1088,t,f,105538,6,Minnesota
1089,t,f,95198,7,Minnesota
1090,t,f,84249,8,Minnesota
1518,t,t,4890,1,Minnesota
1519,t,t,7049,2,Minnesota
1520,t,t,9085,3,Minnesota
1521,t,t,8162,4,Minnesota
1522,t,t,10733,5,Minnesota
1523,t,t,6502,6,Minnesota
1524,t,t,4847,7,Minnesota
1525,t,t,4801,8,Minnesota
221,f,f,131716,1,Mississippi
222,f,f,97309,2,Mississippi
223,f,f,132017,3,Mississippi
224,f,f,119643,4,Mississippi
656,f,t,7583,1,Mississippi
657,f,t,5896,2,Mississippi
658,f,t,9691,3,Mississippi
659,f,t,6980,4,Mississippi
1091,t,f,101986,1,Mississippi
1092,t,f,98068,2,Mississippi
1093,t,f,101658,3,Mississippi
1094,t,f,96074,4,Mississippi
1526,t,t,4729,1,Mississippi
1527,t,t,4740,2,Mississippi
1528,t,t,4682,3,Mississippi
1529,t,t,5228,4,Mississippi
225,f,f,124111,1,Missouri
226,f,f,164868,2,Missouri
227,f,f,156332,3,Missouri
228,f,f,127019,4,Missouri
229,f,f,148957,5,Missouri
230,f,f,149243,6,Missouri
231,f,f,139467,7,Missouri
232,f,f,118606,8,Missouri
660,f,t,7984,1,Missouri
661,f,t,13747,2,Missouri
662,f,t,8222,3,Missouri
663,f,t,8013,4,Missouri
664,f,t,8617,5,Missouri
665,f,t,7870,6,Missouri
666,f,t,9391,7,Missouri
667,f,t,5886,8,Missouri
1095,t,f,127508,1,Missouri
1096,t,f,122260,2,Missouri
1097,t,f,115695,3,Missouri
1098,t,f,98835,4,Missouri
1099,t,f,120879,5,Missouri
1100,t,f,117578,6,Missouri
1101,t,f,108464,7,Missouri
1102,t,f,97087,8,Missouri
1530,t,t,6352,1,Missouri
1531,t,t,9828,2,Missouri
1532,t,t,7004,3,Missouri
1533,t,t,6379,4,Missouri
1534,t,t,8119,5,Missouri
1535,t,t,7368,6,Missouri
1536,t,t,6124,7,Missouri
1537,t,t,4633,8,Missouri
233,f,f,191620,0,Montana
668,f,t,15622,0,Montana
1103,t,f,141571,0,Montana
1538,t,t,11176,0,Montana
234,f,f,136202,1,Nebraska
235,f,f,140807,2,Nebraska
236,f,f,132144,3,Nebraska
669,f,t,9378,1,Nebraska
670,f,t,9880,2,Nebraska
671,f,t,5912,3,Nebraska
1104,t,f,97177,1,Nebraska
1105,t,f,106354,2,Nebraska
1106,t,f,87827,3,Nebraska
1539,t,t,5620,1,Nebraska
1540,t,t,7577,2,Nebraska
1541,t,t,4500,3,Nebraska
237,f,f,125765,1,Nevada
238,f,f,128664,2,Nevada
239,f,f,147681,3,Nevada
240,f,f,118930,4,Nevada
672,f,t,5663,1,Nevada
673,f,t,8573,2,Nevada
674,f,t,11775,3,Nevada
675,f,t,7215,4,Nevada
1107,t,f,85549,1,Nevada
1108,t,f,93681,2,Nevada
1109,t,f,116840,3,Nevada
1110,t,f,92807,4,Nevada
1542,t,t,4440,1,Nevada
1543,t,t,5790,2,Nevada
1544,t,t,7218,3,Nevada
1545,t,t,4628,4,Nevada
241,f,f,139584,1,NewHampshire
242,f,f,138200,2,NewHampshire
676,f,t,10921,1,NewHampshire
677,f,t,11846,2,NewHampshire
1111,t,f,104645,1,NewHampshire
1112,t,f,102179,2,NewHampshire
1546,t,t,8546,1,NewHampshire
1547,t,t,7226,2,NewHampshire
243,f,f,139259,1,NewJersey
244,f,f,126572,2,NewJersey
245,f,f,132767,3,NewJersey
246,f,f,138180,4,NewJersey
247,f,f,159036,5,NewJersey
248,f,f,153863,6,NewJersey
249,f,f,161136,7,NewJersey
250,f,f,177861,8,NewJersey
251,f,f,151484,9,NewJersey
252,f,f,131649,10,NewJersey
253,f,f,155640,11,NewJersey
254,f,f,147893,12,NewJersey
678,f,t,10755,1,NewJersey
679,f,t,10292,2,NewJersey
680,f,t,8887,3,NewJersey
681,f,t,12530,4,NewJersey
682,f,t,14636,5,NewJersey
683,f,t,11714,6,NewJersey
684,f,t,15320,7,NewJersey
685,f,t,9692,8,NewJersey
686,f,t,13274,9,NewJersey
687,f,t,6257,10,NewJersey
688,f,t,17882,11,NewJersey
689,f,t,13928,12,NewJersey
1113,t,f,112248,1,NewJersey
1114,t,f,94629,2,NewJersey
1115,t,f,101660,3,NewJersey
1116,t,f,92190,4,NewJersey
1117,t,f,109238,5,NewJersey
1118,t,f,108237,6,NewJersey
1119,t,f,110522,7,NewJersey
1120,t,f,119947,8,NewJersey
1121,t,f,111847,9,NewJersey
1122,t,f,111735,10,NewJersey
1123,t,f,117619,11,NewJersey
1124,t,f,106819,12,NewJersey
1548,t,t,8607,1,NewJersey
1549,t,t,5993,2,NewJersey
1550,t,t,5946,3,NewJersey
1551,t,t,7295,4,NewJersey
1552,t,t,10798,5,NewJersey
1553,t,t,6810,6,NewJersey
1554,t,t,10674,7,NewJersey
1555,t,t,6444,8,NewJersey
1556,t,t,8052,9,NewJersey
1557,t,t,5340,10,NewJersey
1558,t,t,9585,11,NewJersey
1559,t,t,8476,12,NewJersey
255,f,f,121575,1,NewMexico
256,f,f,111703,2,NewMexico
257,f,f,112702,3,NewMexico
690,f,t,9534,1,NewMexico
691,f,t,5748,2,NewMexico
692,f,t,8247,3,NewMexico
1125,t,f,96326,1,NewMexico
1126,t,f,73457,2,NewMexico
1127,t,f,88278,3,NewMexico
1560,t,t,7166,1,NewMexico
1561,t,t,3162,2,NewMexico
1562,t,t,6310,3,NewMexico
258,f,f,145225,1,NewYork
259,f,f,147500,2,NewYork
260,f,f,147860,3,NewYork
261,f,f,147355,4,NewYork
262,f,f,141811,5,NewYork
263,f,f,147437,6,NewYork
264,f,f,143685,7,NewYork
265,f,f,122319,8,NewYork
266,f,f,128355,9,NewYork
267,f,f,155522,10,NewYork
268,f,f,134103,11,NewYork
269,f,f,184959,12,NewYork
270,f,f,132038,13,NewYork
271,f,f,154616,14,NewYork
272,f,f,104191,15,NewYork
273,f,f,132152,16,NewYork
274,f,f,139785,17,NewYork
275,f,f,135328,18,NewYork
276,f,f,124352,19,NewYork
277,f,f,139239,20,NewYork
278,f,f,115902,21,NewYork
279,f,f,120854,22,NewYork
280,f,f,118070,23,NewYork
281,f,f,122900,24,NewYork
282,f,f,129614,25,NewYork
283,f,f,120174,26,NewYork
284,f,f,143700,27,NewYork
693,f,t,13203,1,NewYork
694,f,t,10800,2,NewYork
695,f,t,15110,3,NewYork
696,f,t,12129,4,NewYork
697,f,t,7768,5,NewYork
698,f,t,8695,6,NewYork
699,f,t,8921,7,NewYork
700,f,t,7673,8,NewYork
701,f,t,10316,9,NewYork
702,f,t,15102,10,NewYork
703,f,t,9568,11,NewYork
704,f,t,17594,12,NewYork
705,f,t,8605,13,NewYork
706,f,t,10294,14,NewYork
707,f,t,4892,15,NewYork
708,f,t,9575,16,NewYork
709,f,t,11309,17,NewYork
710,f,t,9413,18,NewYork
711,f,t,8073,19,NewYork
712,f,t,11582,20,NewYork
713,f,t,6653,21,NewYork
714,f,t,6954,22,NewYork
715,f,t,7317,23,NewYork
716,f,t,9228,24,NewYork
717,f,t,9900,25,NewYork
718,f,t,9568,26,NewYork
719,f,t,11426,27,NewYork
1128,t,f,100042,1,NewYork
1129,t,f,114061,2,NewYork
1130,t,f,100031,3,NewYork
1131,t,f,113260,4,NewYork
1132,t,f,129642,5,NewYork
1133,t,f,113953,6,NewYork
1134,t,f,99947,7,NewYork
1135,t,f,131936,8,NewYork
1136,t,f,129862,9,NewYork
1137,t,f,120297,10,NewYork
1138,t,f,103500,11,NewYork
1139,t,f,163349,12,NewYork
1140,t,f,114209,13,NewYork
1141,t,f,100107,14,NewYork
1142,t,f,91948,15,NewYork
1143,t,f,113741,16,NewYork
1144,t,f,105621,17,NewYork
1145,t,f,98541,18,NewYork
1146,t,f,92599,19,NewYork
1147,t,f,115519,20,NewYork
1148,t,f,91431,21,NewYork
1149,t,f,90701,22,NewYork
1150,t,f,89790,23,NewYork
1151,t,f,102278,24,NewYork
1152,t,f,100450,25,NewYork
1153,t,f,99515,26,NewYork
1154,t,f,103879,27,NewYork
1563,t,t,5400,1,NewYork
1564,t,t,6238,2,NewYork
1565,t,t,7211,3,NewYork
1566,t,t,7642,4,NewYork
1567,t,t,6457,5,NewYork
1568,t,t,7713,6,NewYork
1569,t,t,6542,7,NewYork
1570,t,t,6893,8,NewYork
1571,t,t,8153,9,NewYork
1572,t,t,8878,10,NewYork
1573,t,t,6176,11,NewYork
1574,t,t,15371,12,NewYork
1575,t,t,7788,13,NewYork
1576,t,t,5523,14,NewYork
1577,t,t,3297,15,NewYork
1578,t,t,6937,16,NewYork
1579,t,t,8168,17,NewYork
1580,t,t,7549,18,NewYork
1581,t,t,6204,19,NewYork
1582,t,t,8181,20,NewYork
1583,t,t,5932,21,NewYork
1584,t,t,5467,22,NewYork
1585,t,t,7247,23,NewYork
1586,t,t,6237,24,NewYork
1587,t,t,6436,25,NewYork
1588,t,t,5403,26,NewYork
1589,t,t,7599,27,NewYork
285,f,f,108480,1,NorthCarolina
286,f,f,142111,2,NorthCarolina
287,f,f,115552,3,NorthCarolina
288,f,f,156193,4,NorthCarolina
289,f,f,140682,5,NorthCarolina
290,f,f,136897,6,NorthCarolina
291,f,f,128786,7,NorthCarolina
292,f,f,130400,8,NorthCarolina
293,f,f,177798,9,NorthCarolina
294,f,f,131658,10,NorthCarolina
295,f,f,120946,11,NorthCarolina
296,f,f,145987,12,NorthCarolina
297,f,f,161302,13,NorthCarolina
720,f,t,6669,1,NorthCarolina
721,f,t,10504,2,NorthCarolina
722,f,t,9555,3,NorthCarolina
723,f,t,10786,4,NorthCarolina
724,f,t,9238,5,NorthCarolina
725,f,t,9753,6,NorthCarolina
726,f,t,8557,7,NorthCarolina
727,f,t,9506,8,NorthCarolina
728,f,t,18488,9,NorthCarolina
729,f,t,7371,10,NorthCarolina
730,f,t,7958,11,NorthCarolina
731,f,t,8827,12,NorthCarolina
732,f,t,15293,13,NorthCarolina
1155,t,f,102899,1,NorthCarolina
1156,t,f,103854,2,NorthCarolina
1157,t,f,89454,3,NorthCarolina
1158,t,f,127336,4,NorthCarolina
1159,t,f,99992,5,NorthCarolina
1160,t,f,110626,6,NorthCarolina
1161,t,f,101907,7,NorthCarolina
1162,t,f,100453,8,NorthCarolina
1163,t,f,129282,9,NorthCarolina
1164,t,f,98406,10,NorthCarolina
1165,t,f,91712,11,NorthCarolina
1166,t,f,117260,12,NorthCarolina
1167,t,f,119244,13,NorthCarolina
1590,t,t,7226,1,NorthCarolina
1591,t,t,6475,2,NorthCarolina
1592,t,t,6189,3,NorthCarolina
1593,t,t,10561,4,NorthCarolina
1594,t,t,6340,5,NorthCarolina
1595,t,t,8615,6,NorthCarolina
1596,t,t,6523,7,NorthCarolina
1597,t,t,5285,8,NorthCarolina
1598,t,t,10538,9,NorthCarolina
1599,t,t,5715,10,NorthCarolina
1600,t,t,5483,11,NorthCarolina
1601,t,t,7694,12,NorthCarolina
1602,t,t,7823,13,NorthCarolina
298,f,f,166804,0,NorthDakota
733,f,t,10292,0,NorthDakota
1168,t,f,111513,0,NorthDakota
1603,t,t,6721,0,NorthDakota
299,f,f,134525,1,Ohio
300,f,f,142755,2,Ohio
301,f,f,137091,3,Ohio
302,f,f,135769,4,Ohio
303,f,f,143751,5,Ohio
304,f,f,118902,6,Ohio
305,f,f,142561,7,Ohio
306,f,f,136557,8,Ohio
307,f,f,117551,9,Ohio
308,f,f,127055,10,Ohio
309,f,f,101131,11,Ohio
310,f,f,157984,12,Ohio
311,f,f,122860,13,Ohio
312,f,f,148136,14,Ohio
313,f,f,145136,15,Ohio
314,f,f,145874,16,Ohio
734,f,t,10806,1,Ohio
735,f,t,9266,2,Ohio
736,f,t,9801,3,Ohio
737,f,t,9512,4,Ohio
738,f,t,8006,5,Ohio
739,f,t,5964,6,Ohio
740,f,t,7110,7,Ohio
741,f,t,9245,8,Ohio
742,f,t,6876,9,Ohio
743,f,t,9380,10,Ohio
744,f,t,6918,11,Ohio
745,f,t,14423,12,Ohio
746,f,t,6561,13,Ohio
747,f,t,12316,14,Ohio
748,f,t,10933,15,Ohio
749,f,t,11993,16,Ohio
1169,t,f,105908,1,Ohio
1170,t,f,105112,2,Ohio
1171,t,f,120937,3,Ohio
1172,t,f,95786,4,Ohio
1173,t,f,101346,5,Ohio
1174,t,f,80599,6,Ohio
1175,t,f,97895,7,Ohio
1176,t,f,100229,8,Ohio
1177,t,f,99475,9,Ohio
1178,t,f,97962,10,Ohio
1179,t,f,96969,11,Ohio
1180,t,f,119031,12,Ohio
1181,t,f,93612,13,Ohio
1182,t,f,105445,14,Ohio
1183,t,f,107878,15,Ohio
1184,t,f,99706,16,Ohio
1604,t,t,6333,1,Ohio
1605,t,t,6814,2,Ohio
1606,t,t,7553,3,Ohio
1607,t,t,4716,4,Ohio
1608,t,t,7307,5,Ohio
1609,t,t,4206,6,Ohio
1610,t,t,5370,7,Ohio
1611,t,t,6357,8,Ohio
1612,t,t,5753,9,Ohio
1613,t,t,6105,10,Ohio
1614,t,t,5474,11,Ohio
1615,t,t,9226,12,Ohio
1616,t,t,4735,13,Ohio
1617,t,t,7092,14,Ohio
1618,t,t,6796,15,Ohio
1619,t,t,6996,16,Ohio
315,f,f,165788,1,Oklahoma
316,f,f,120158,2,Oklahoma
317,f,f,148926,3,Oklahoma
318,f,f,152119,4,Oklahoma
319,f,f,154352,5,Oklahoma
750,f,t,12225,1,Oklahoma
751,f,t,7331,2,Oklahoma
752,f,t,10421,3,Oklahoma
753,f,t,12743,4,Oklahoma
754,f,t,11924,5,Oklahoma
1185,t,f,120225,1,Oklahoma
1186,t,f,94133,2,Oklahoma
1187,t,f,98368,3,Oklahoma
1188,t,f,112295,4,Oklahoma
1189,t,f,114744,5,Oklahoma
1620,t,t,6763,1,Oklahoma
1621,t,t,5217,2,Oklahoma
1622,t,t,5131,3,Oklahoma
1623,t,t,8055,4,Oklahoma
1624,t,t,5749,5,Oklahoma
320,f,f,164632,1,Oregon
321,f,f,125533,2,Oregon
322,f,f,156914,3,Oregon
323,f,f,116874,4,Oregon
324,f,f,143414,5,Oregon
755,f,t,14953,1,Oregon
756,f,t,8931,2,Oregon
757,f,t,11319,3,Oregon
758,f,t,8068,4,Oregon
759,f,t,10349,5,Oregon
1190,t,f,107840,1,Oregon
1191,t,f,92379,2,Oregon
1192,t,f,120041,3,Oregon
1193,t,f,85668,4,Oregon
1194,t,f,102978,5,Oregon
1625,t,t,8956,1,Oregon
1626,t,t,6738,2,Oregon
1627,t,t,12005,3,Oregon
1628,t,t,5456,4,Oregon
1629,t,t,5696,5,Oregon
325,f,f,118652,1,Pennsylvania
326,f,f,102639,2,Pennsylvania
327,f,f,127173,3,Pennsylvania
328,f,f,145588,4,Pennsylvania
329,f,f,124355,5,Pennsylvania
330,f,f,157553,6,Pennsylvania
331,f,f,146790,7,Pennsylvania
332,f,f,149243,8,Pennsylvania
333,f,f,124730,9,Pennsylvania
334,f,f,130879,10,Pennsylvania
335,f,f,133432,11,Pennsylvania
336,f,f,134021,12,Pennsylvania
337,f,f,132596,13,Pennsylvania
338,f,f,132541,14,Pennsylvania
339,f,f,143489,15,Pennsylvania
340,f,f,142123,16,Pennsylvania
341,f,f,124150,17,Pennsylvania
342,f,f,147181,18,Pennsylvania
760,f,t,6917,1,Pennsylvania
761,f,t,6589,2,Pennsylvania
762,f,t,8136,3,Pennsylvania
763,f,t,9855,4,Pennsylvania
764,f,t,7301,5,Pennsylvania
765,f,t,13492,6,Pennsylvania
766,f,t,16372,7,Pennsylvania
767,f,t,13922,8,Pennsylvania
768,f,t,6864,9,Pennsylvania
769,f,t,7617,10,Pennsylvania
770,f,t,8617,11,Pennsylvania
771,f,t,10293,12,Pennsylvania
772,f,t,8535,13,Pennsylvania
773,f,t,8294,14,Pennsylvania
774,f,t,8867,15,Pennsylvania
775,f,t,9877,16,Pennsylvania
776,f,t,6915,17,Pennsylvania
777,f,t,12186,18,Pennsylvania
1195,t,f,113414,1,Pennsylvania
1196,t,f,103649,2,Pennsylvania
1197,t,f,88869,3,Pennsylvania
1198,t,f,110638,4,Pennsylvania
1199,t,f,88513,5,Pennsylvania
1200,t,f,112875,6,Pennsylvania
1201,t,f,106024,7,Pennsylvania
1202,t,f,110672,8,Pennsylvania
1203,t,f,89545,9,Pennsylvania
1204,t,f,90514,10,Pennsylvania
1205,t,f,102306,11,Pennsylvania
1206,t,f,99745,12,Pennsylvania
1207,t,f,107576,13,Pennsylvania
1208,t,f,106469,14,Pennsylvania
1209,t,f,106050,15,Pennsylvania
1210,t,f,98686,16,Pennsylvania
1211,t,f,97003,17,Pennsylvania
1212,t,f,103254,18,Pennsylvania
1630,t,t,6709,1,Pennsylvania
1631,t,t,8176,2,Pennsylvania
1632,t,t,5507,3,Pennsylvania
1633,t,t,6891,4,Pennsylvania
1634,t,t,5840,5,Pennsylvania
1635,t,t,7852,6,Pennsylvania
1636,t,t,8959,7,Pennsylvania
1637,t,t,8978,8,Pennsylvania
1638,t,t,4129,9,Pennsylvania
1639,t,t,4729,10,Pennsylvania
1640,t,t,5812,11,Pennsylvania
1641,t,t,6361,12,Pennsylvania
1642,t,t,7594,13,Pennsylvania
1643,t,t,7439,14,Pennsylvania
1644,t,t,5632,15,Pennsylvania
1645,t,t,6436,16,Pennsylvania
1646,t,t,5475,17,Pennsylvania
1647,t,t,6669,18,Pennsylvania
343,f,f,92378,1,RhodeIsland
344,f,f,101690,2,RhodeIsland
778,f,t,7370,1,RhodeIsland
779,f,t,7026,2,RhodeIsland
1213,t,f,73332,1,RhodeIsland
1214,t,f,78375,2,RhodeIsland
1648,t,t,4704,1,RhodeIsland
1649,t,t,6216,2,RhodeIsland
345,f,f,148006,1,SouthCarolina
346,f,f,131838,2,SouthCarolina
347,f,f,114575,3,SouthCarolina
348,f,f,131539,4,SouthCarolina
349,f,f,121898,5,SouthCarolina
350,f,f,96313,6,SouthCarolina
351,f,f,107585,7,SouthCarolina
780,f,t,12138,1,SouthCarolina
781,f,t,12082,2,SouthCarolina
782,f,t,6740,3,SouthCarolina
783,f,t,8511,4,SouthCarolina
784,f,t,5396,5,SouthCarolina
785,f,t,4086,6,SouthCarolina
786,f,t,7793,7,SouthCarolina
1215,t,f,115197,1,SouthCarolina
1216,t,f,104687,2,SouthCarolina
1217,t,f,86371,3,SouthCarolina
1218,t,f,96633,4,SouthCarolina
1219,t,f,98555,5,SouthCarolina
1220,t,f,91621,6,SouthCarolina
1221,t,f,90189,7,SouthCarolina
1650,t,t,10732,1,SouthCarolina
1651,t,t,7596,2,SouthCarolina
1652,t,t,4116,3,SouthCarolina
1653,t,t,5957,4,SouthCarolina
1654,t,t,5460,5,SouthCarolina
1655,t,t,3577,6,SouthCarolina
1656,t,t,5992,7,SouthCarolina
352,f,f,180570,0,SouthDakota
787,f,t,9795,0,SouthDakota
1222,t,f,133876,0,SouthDakota
1657,t,t,6393,0,SouthDakota
353,f,f,118548,1,Tennessee
354,f,f,134655,2,Tennessee
355,f,f,126201,3,Tennessee
356,f,f,145051,4,Tennessee
357,f,f,154701,5,Tennessee
358,f,f,135915,6,Tennessee
359,f,f,130899,7,Tennessee
360,f,f,129571,8,Tennessee
361,f,f,111715,9,Tennessee
788,f,t,8493,1,Tennessee
789,f,t,9432,2,Tennessee
790,f,t,8732,3,Tennessee
791,f,t,9024,4,Tennessee
792,f,t,9627,5,Tennessee
793,f,t,9796,6,Tennessee
794,f,t,9989,7,Tennessee
795,f,t,9696,8,Tennessee
796,f,t,5188,9,Tennessee
1223,t,f,91525,1,Tennessee
1224,t,f,103951,2,Tennessee
1225,t,f,91469,3,Tennessee
1226,t,f,99549,4,Tennessee
1227,t,f,131742,5,Tennessee
1228,t,f,101697,6,Tennessee
1229,t,f,97762,7,Tennessee
1230,t,f,102507,8,Tennessee
1231,t,f,112160,9,Tennessee
1658,t,t,4619,1,Tennessee
1659,t,t,4539,2,Tennessee
1660,t,t,5667,3,Tennessee
1661,t,t,5493,4,Tennessee
1662,t,t,8739,5,Tennessee
1663,t,t,6504,6,Tennessee
1664,t,t,5783,7,Tennessee
1665,t,t,7042,8,Tennessee
1666,t,t,4413,9,Tennessee
362,f,f,120521,1,Texas
363,f,f,179907,2,Texas
364,f,f,193682,3,Texas
365,f,f,133652,4,Texas
366,f,f,135051,5,Texas
367,f,f,147785,6,Texas
368,f,f,183920,7,Texas
369,f,f,154580,8,Texas
370,f,f,153711,9,Texas
371,f,f,178234,10,Texas
372,f,f,153835,11,Texas
373,f,f,160307,12,Texas
374,f,f,138390,13,Texas
375,f,f,141048,14,Texas
376,f,f,117815,15,Texas
377,f,f,122913,16,Texas
378,f,f,139933,17,Texas
379,f,f,143399,18,Texas
380,f,f,134519,19,Texas
381,f,f,141751,20,Texas
382,f,f,160104,21,Texas
383,f,f,187754,22,Texas
384,f,f,133581,23,Texas
385,f,f,193348,24,Texas
386,f,f,146241,25,Texas
387,f,f,184129,26,Texas
388,f,f,142124,27,Texas
389,f,f,118543,28,Texas
390,f,f,159937,29,Texas
391,f,f,135819,30,Texas
392,f,f,161138,31,Texas
393,f,f,169496,32,Texas
394,f,f,153855,33,Texas
395,f,f,108002,34,Texas
396,f,f,165567,35,Texas
397,f,f,146472,36,Texas
797,f,t,8886,1,Texas
798,f,t,13608,2,Texas
799,f,t,20623,3,Texas
800,f,t,11432,4,Texas
801,f,t,7991,5,Texas
802,f,t,10334,6,Texas
803,f,t,17055,7,Texas
804,f,t,14852,8,Texas
805,f,t,7703,9,Texas
806,f,t,16929,10,Texas
807,f,t,10755,11,Texas
808,f,t,13270,12,Texas
809,f,t,8796,13,Texas
810,f,t,12244,14,Texas
811,f,t,7028,15,Texas
812,f,t,7388,16,Texas
813,f,t,9278,17,Texas
814,f,t,7626,18,Texas
815,f,t,7668,19,Texas
816,f,t,9203,20,Texas
817,f,t,14595,21,Texas
818,f,t,17598,22,Texas
819,f,t,8968,23,Texas
820,f,t,16048,24,Texas
821,f,t,13275,25,Texas
822,f,t,18799,26,Texas
823,f,t,8330,27,Texas
824,f,t,7974,28,Texas
825,f,t,4191,29,Texas
826,f,t,6867,30,Texas
827,f,t,12964,31,Texas
828,f,t,13891,32,Texas
829,f,t,5413,33,Texas
830,f,t,6221,34,Texas
831,f,t,9106,35,Texas
832,f,t,9513,36,Texas
1232,t,f,91361,1,Texas
1233,t,f,124526,2,Texas
1234,t,f,137257,3,Texas
1235,t,f,96642,4,Texas
1236,t,f,95692,5,Texas
1237,t,f,129025,6,Texas
1238,t,f,118960,7,Texas
1239,t,f,100794,8,Texas
1240,t,f,120764,9,Texas
1241,t,f,126427,10,Texas
1242,t,f,94532,11,Texas
1243,t,f,120829,12,Texas
1244,t,f,92784,13,Texas
1245,t,f,97025,14,Texas
1246,t,f,86781,15,Texas
1247,t,f,90688,16,Texas
1248,t,f,108944,17,Texas
1249,t,f,111450,18,Texas
1250,t,f,94366,19,Texas
1251,t,f,113493,20,Texas
1252,t,f,124752,21,Texas
1253,t,f,129040,22,Texas
1254,t,f,87054,23,Texas
1255,t,f,138366,24,Texas
1256,t,f,106122,25,Texas
1257,t,f,133547,26,Texas
1258,t,f,101977,27,Texas
1259,t,f,82697,28,Texas
1260,t,f,88963,29,Texas
1261,t,f,117359,30,Texas
1262,t,f,117640,31,Texas
1263,t,f,126425,32,Texas
1264,t,f,86581,33,Texas
1265,t,f,76724,34,Texas
1266,t,f,116330,35,Texas
1267,t,f,92386,36,Texas
1667,t,t,4622,1,Texas
1668,t,t,10487,2,Texas
1669,t,t,11030,3,Texas
1670,t,t,4860,4,Texas
1671,t,t,4924,5,Texas
1672,t,t,8512,6,Texas
1673,t,t,8967,7,Texas
1674,t,t,5796,8,Texas
1675,t,t,6889,9,Texas
1676,t,t,8063,10,Texas
1677,t,t,4365,11,Texas
1678,t,t,8286,12,Texas
1679,t,t,4214,13,Texas
1680,t,t,7188,14,Texas
1681,t,t,5338,15,Texas
1682,t,t,5563,16,Texas
1683,t,t,7613,17,Texas
1684,t,t,5502,18,Texas
1685,t,t,5483,19,Texas
1686,t,t,7464,20,Texas
1687,t,t,9355,21,Texas
1688,t,t,7349,22,Texas
1689,t,t,5971,23,Texas
1690,t,t,11283,24,Texas
1691,t,t,9148,25,Texas
1692,t,t,9934,26,Texas
1693,t,t,5932,27,Texas
1694,t,t,5501,28,Texas
1695,t,t,3482,29,Texas
1696,t,t,6848,30,Texas
1697,t,t,8378,31,Texas
1698,t,t,9491,32,Texas
1699,t,t,3866,33,Texas
1700,t,t,4100,34,Texas
1701,t,t,5016,35,Texas
1702,t,t,5310,36,Texas
398,f,f,145654,1,Utah
399,f,f,142703,2,Utah
400,f,f,135677,3,Utah
401,f,f,160075,4,Utah
833,f,t,10679,1,Utah
834,f,t,10894,2,Utah
835,f,t,11717,3,Utah
836,f,t,14045,4,Utah
1268,t,f,79105,1,Utah
1269,t,f,88532,2,Utah
1270,t,f,69272,3,Utah
1271,t,f,99912,4,Utah
1703,t,t,6190,1,Utah
1704,t,t,6409,2,Utah
1705,t,t,5684,3,Utah
1706,t,t,6965,4,Utah
402,f,f,118995,0,Vermont
837,f,t,9554,0,Vermont
1272,t,f,97234,0,Vermont
1707,t,t,7563,0,Vermont
403,f,f,151100,1,Virginia
404,f,f,136169,2,Virginia
405,f,f,110536,3,Virginia
406,f,f,134479,4,Virginia
407,f,f,127592,5,Virginia
408,f,f,132947,6,Virginia
409,f,f,160066,7,Virginia
410,f,f,186894,8,Virginia
411,f,f,117998,9,Virginia
412,f,f,183913,10,Virginia
413,f,f,173788,11,Virginia
838,f,t,14646,1,Virginia
839,f,t,12071,2,Virginia
840,f,t,5700,3,Virginia
841,f,t,10693,4,Virginia
842,f,t,10442,5,Virginia
843,f,t,8778,6,Virginia
844,f,t,15770,7,Virginia
845,f,t,21334,8,Virginia
846,f,t,7502,9,Virginia
847,f,t,22161,10,Virginia
848,f,t,18403,11,Virginia
1273,t,f,114242,1,Virginia
1274,t,f,112049,2,Virginia
1275,t,f,110299,3,Virginia
1276,t,f,114701,4,Virginia
1277,t,f,105695,5,Virginia
1278,t,f,102407,6,Virginia
1279,t,f,130149,7,Virginia
1280,t,f,155061,8,Virginia
1281,t,f,92231,9,Virginia
1282,t,f,129144,10,Virginia
1283,t,f,130007,11,Virginia
1708,t,t,8990,1,Virginia
1709,t,t,7923,2,Virginia
1710,t,t,5772,3,Virginia
1711,t,t,6663,4,Virginia
1712,t,t,6195,5,Virginia
1713,t,t,6045,6,Virginia
1714,t,t,8903,7,Virginia
1715,t,t,17329,8,Virginia
1716,t,t,5180,9,Virginia
1717,t,t,12243,10,Virginia
1718,t,t,14831,11,Virginia
414,f,f,157249,1,Washington
415,f,f,140861,2,Washington
416,f,f,128497,3,Washington
417,f,f,127608,4,Washington
418,f,f,110243,5,Washington
419,f,f,109095,6,Washington
420,f,f,174507,7,Washington
421,f,f,153021,8,Washington
422,f,f,151939,9,Washington
423,f,f,125743,10,Washington
849,f,t,15073,1,Washington
850,f,t,10358,2,Washington
851,f,t,10171,3,Washington
852,f,t,9097,4,Washington
853,f,t,7285,5,Washington
854,f,t,8669,6,Washington
855,f,t,16836,7,Washington
856,f,t,14812,8,Washington
857,f,t,12773,9,Washington
858,f,t,8366,10,Washington
1284,t,f,94105,1,Washington
1285,t,f,93561,2,Washington
1286,t,f,81384,3,Washington
1287,t,f,82635,4,Washington
1288,t,f,79536,5,Washington
1289,t,f,77238,6,Washington
1290,t,f,127455,7,Washington
1291,t,f,101052,8,Washington
1292,t,f,108310,9,Washington
1293,t,f,93464,10,Washington
1719,t,t,9993,1,Washington
1720,t,t,5524,2,Washington
1721,t,t,5798,3,Washington
1722,t,t,5215,4,Washington
1723,t,t,5580,5,Washington
1724,t,t,7223,6,Washington
1725,t,t,16554,7,Washington
1726,t,t,6759,8,Washington
1727,t,t,9564,9,Washington
1728,t,t,8818,10,Washington
424,f,f,105649,1,WestVirginia
425,f,f,112060,2,WestVirginia
426,f,f,78814,3,WestVirginia
859,f,t,6449,1,WestVirginia
860,f,t,7573,2,WestVirginia
861,f,t,3696,3,WestVirginia
1294,t,f,76952,1,WestVirginia
1295,t,f,84199,2,WestVirginia
1296,t,f,61817,3,WestVirginia
1729,t,t,3775,1,WestVirginia
1730,t,t,5174,2,WestVirginia
1731,t,t,3874,3,WestVirginia
427,f,f,140187,1,Wisconsin
428,f,f,156796,2,Wisconsin
429,f,f,137322,3,Wisconsin
430,f,f,116090,4,Wisconsin
431,f,f,159298,5,Wisconsin
432,f,f,148554,6,Wisconsin
433,f,f,141621,7,Wisconsin
434,f,f,153683,8,Wisconsin
862,f,t,11034,1,Wisconsin
863,f,t,11712,2,Wisconsin
864,f,t,6855,3,Wisconsin
865,f,t,7289,4,Wisconsin
866,f,t,11569,5,Wisconsin
867,f,t,8735,6,Wisconsin
868,f,t,8423,7,Wisconsin
869,f,t,8459,8,Wisconsin
1297,t,f,106581,1,Wisconsin
1298,t,f,120064,2,Wisconsin
1299,t,f,104237,3,Wisconsin
1300,t,f,110140,4,Wisconsin
1301,t,f,111088,5,Wisconsin
1302,t,f,100902,6,Wisconsin
1303,t,f,101828,7,Wisconsin
1304,t,f,106755,8,Wisconsin
1732,t,t,5595,1,Wisconsin
1733,t,t,9030,2,Wisconsin
1734,t,t,6129,3,Wisconsin
1735,t,t,6909,4,Wisconsin
1736,t,t,7190,5,Wisconsin
1737,t,t,5045,6,Wisconsin
1738,t,t,4887,7,Wisconsin
1739,t,t,7758,8,Wisconsin
435,f,f,124728,0,Wyoming
870,f,t,7389,0,Wyoming
1305,t,f,83246,0,Wyoming
1740,t,t,6133,0,Wyoming